iso_id,iso_number,iso_name,iso_notes,unicode_name,unicode_version,unicode_historic,unicode_notes
"Adlm","166","Adlam",,"Adlam","9.0",false,
"Afak","439","Afaka","Not in Unicode, proposal is explored",,,,
"Aghb","239","Caucasian Albanian",,"Caucasian Albanian","7.0",true,"Ancient/historic"
"Ahom","338","Ahom, Tai Ahom",,"Ahom","8.0",true,"Ancient/historic"
"Arab","160","Arabic",,"Arabic","1.0",false,
"Aran","161","Arabic (Nastaliq variant)","Typographic variant of Arabic (see § Arab)",,,,
"Armi","124","Imperial Aramaic",,"Imperial Aramaic","5.2",true,"Ancient/historic"
"Armn","230","Armenian",,"Armenian","1.0",false,
"Avst","134","Avestan",,"Avestan","5.2",true,"Ancient/historic"
"Bali","360","Balinese",,"Balinese","5.0",false,
"Bamu","435","Bamum",,"Bamum","5.2",false,
"Bass","259","Bassa Vah",,"Bassa Vah","7.0",true,"Ancient/historic"
"Batk","365","Batak",,"Batak","6.0",false,
"Beng","325","Bengali (Bangla)",,"Bengali","1.0",false,
"Bhks","334","Bhaiksuki",,"Bhaiksuki","9.0",true,"Ancient/historic"
"Blis","550","Blissymbols","Not in Unicode, proposal is explored",,,,
"Bopo","285","Bopomofo",,"Bopomofo","1.0",false,
"Brah","300","Brahmi",,"Brahmi","6.0",true,"Ancient/historic"
"Brai","570","Braille",,"Braille","3.0",false,
"Bugi","367","Buginese",,"Buginese","4.1",false,
"Buhd","372","Buhid",,"Buhid","3.2",false,
"Cakm","349","Chakma",,"Chakma","6.1",false,
"Cans","440","Unified Canadian Aboriginal Syllabics",,"Canadian Aboriginal","3.0",false,
"Cari","201","Carian",,"Carian","5.1",true,"Ancient/historic"
"Cham","358","Cham",,"Cham","5.1",false,
"Cher","445","Cherokee",,"Cherokee","3.0",false,
"Chrs","109","Chorasmian",,"Chorasmian","13.0",true,"Ancient/historic"
"Cirt","291","Cirth","Not in Unicode",,,,
"Copt","204","Coptic",,"Coptic","1.0",true,"Ancient/historic, disunified from Greek in 4.1"
"Cpmn","402","Cypro-Minoan",,"Cypro Minoan","14.0",true,"Ancient/historic"
"Cprt","403","Cypriot syllabary",,"Cypriot","4.0",true,"Ancient/historic"
"Cyrl","220","Cyrillic",,"Cyrillic","1.0",false,"Includes typographic variant Old Church Slavonic (see § Cyrs)"
"Cyrs","221","Cyrillic (Old Church Slavonic variant)","Typographic variant of Cyrillic (see § Cyrl); Ancient/historic",,,,
"Deva","315","Devanagari (Nagari)",,"Devanagari","1.0",false,
"Diak","342","Dives Akuru",,"Dives Akuru","13.0",true,"Ancient/historic"
"Dogr","328","Dogra",,"Dogra","11.0",true,"Ancient/historic"
"Dsrt","250","Deseret (Mormon)",,"Deseret","3.1",false,
"Dupl","755","Duployan shorthand, Duployan stenography",,"Duployan","7.0",false,
"Egyd","070","Egyptian demotic","Not in Unicode",,,,
"Egyh","060","Egyptian hieratic","Not in Unicode",,,,
"Egyp","050","Egyptian hieroglyphs",,"Egyptian Hieroglyphs","5.2",true,"Ancient/historic"
"Elba","226","Elbasan",,"Elbasan","7.0",true,"Ancient/historic"
"Elym","128","Elymaic",,"Elymaic","12.0",true,"Ancient/historic"
"Ethi","430","Ethiopic (Geʻez)",,"Ethiopic","3.0",false,
"Geok","241","Khutsuri (Asomtavruli and Nuskhuri)",,"Georgian","",false,"Unicode groups Khutsori, Asomtavruli and Nuskhuri into 'Georgian' (see § Geok). Similarly, Mkhedruli and Mtavruli are 'Georgian' (see § Geor)"
"Geor","240","Georgian (Mkhedruli and Mtavruli)",,"Georgian","1.0",false,"In Unicode this also includes Nuskhuri (Geok)"
"Glag","225","Glagolitic",,"Glagolitic","4.1",true,"Ancient/historic"
"Gong","312","Gunjala Gondi",,"Gunjala Gondi","11.0",false,
"Gonm","313","Masaram Gondi",,"Masaram Gondi","10.0",false,
"Goth","206","Gothic",,"Gothic","3.1",true,"Ancient/historic"
"Gran","343","Grantha",,"Grantha","7.0",true,"Ancient/historic"
"Grek","200","Greek",,"Greek","1.0",false,"Directionality sometimes as boustrophedon"
"Gujr","320","Gujarati",,"Gujarati","1.0",false,
"Guru","310","Gurmukhi",,"Gurmukhi","1.0",false,
"Hanb","503","Han with Bopomofo (alias for Han + Bopomofo)","See § Hani, § Bopo",,,,
"Hang","286","Hangul (Hangŭl, Hangeul)",,"Hangul","1.0",false,"Hangul syllables relocated in 2.0"
"Hani","500","Han (Hanzi, Kanji, Hanja)",,"Han","1.0",false,
"Hano","371","Hanunoo (Hanunóo)",,"Hanunoo","3.2",false,
"Hans","501","Han (Simplified variant)","Subset of Han (Hanzi, Kanji, Hanja) (see § Hani)",,,,
"Hant","502","Han (Traditional variant)","Subset of § Hani",,,,
"Hatr","127","Hatran",,"Hatran","8.0",true,"Ancient/historic"
"Hebr","125","Hebrew",,"Hebrew","1.0",false,
"Hira","410","Hiragana",,"Hiragana","1.0",false,
"Hluw","080","Anatolian Hieroglyphs (Luwian Hieroglyphs, Hittite Hieroglyphs)",,"Anatolian Hieroglyphs","8.0",true,"Ancient/historic"
"Hmng","450","Pahawh Hmong",,"Pahawh Hmong","7.0",false,
"Hmnp","451","Nyiakeng Puachue Hmong",,"Nyiakeng Puachue Hmong","12.0",false,
"Hrkt","412","Japanese syllabaries (alias for Hiragana + Katakana)",,"Katakana or Hiragana","",false,"See § Hira, § Kana"
"Hung","176","Old Hungarian (Hungarian Runic)",,"Old Hungarian","8.0",true,"Ancient/historic"
"Inds","610","Indus (Harappan)","Not in Unicode, proposal is explored",,,,
"Ital","210","Old Italic (Etruscan, Oscan, etc.)",,"Old Italic","3.1",true,"Ancient/historic"
"Jamo","284","Jamo (alias for Jamo subset of Hangul)","Subset of § Hang",,,,
"Java","361","Javanese",,"Javanese","5.2",false,
"Jpan","413","Japanese (alias for Han + Hiragana + Katakana)","See § Hani, § Hira and § Kana",,,,
"Jurc","510","Jurchen","Not in Unicode",,,,
"Kali","357","Kayah Li",,"Kayah Li","5.1",false,
"Kana","411","Katakana",,"Katakana","1.0",false,
"Kawi","368","Kawi",,"Kawi","15.0",true,"Ancient/historic"
"Khar","305","Kharoshthi",,"Kharoshthi","4.1",true,"Ancient/historic"
"Khmr","355","Khmer",,"Khmer","3.0",false,
"Khoj","322","Khojki",,"Khojki","7.0",true,"Ancient/historic"
"Kitl","505","Khitan large script","Not in Unicode",,,,
"Kits","288","Khitan small script",,"Khitan Small Script","13.0",true,"Ancient/historic"
"Knda","345","Kannada",,"Kannada","1.0",false,
"Kore","287","Korean (alias for Hangul + Han)","See § Hani, § Hang",,,,
"Kpel","436","Kpelle","Not in Unicode, proposal is explored",,,,
"Kthi","317","Kaithi",,"Kaithi","5.2",true,"Ancient/historic"
"Lana","351","Tai Tham (Lanna)",,"Tai Tham","5.2",false,
"Laoo","356","Lao",,"Lao","1.0",false,
"Latf","217","Latin (Fraktur variant)","Typographic variant of Latin (see § Latn)",,,,
"Latg","216","Latin (Gaelic variant)","Typographic variant of Latin (see § Latn)",,,,
"Latn","215","Latin",,"Latin","1.0",false,"See also: Latin script in Unicode"
"Leke","364","Leke","Not in Unicode",,,,
"Lepc","335","Lepcha (Róng)",,"Lepcha","5.1",false,
"Limb","336","Limbu",,"Limbu","4.0",false,
"Lina","400","Linear A",,"Linear A","7.0",true,"Ancient/historic"
"Linb","401","Linear B",,"Linear B","4.0",true,"Ancient/historic"
"Lisu","399","Lisu (Fraser)",,"Lisu","5.2",false,
"Loma","437","Loma","Not in Unicode, proposal is explored",,,,
"Lyci","202","Lycian",,"Lycian","5.1",true,"Ancient/historic"
"Lydi","116","Lydian",,"Lydian","5.1",true,"Ancient/historic"
"Mahj","314","Mahajani",,"Mahajani","7.0",true,"Ancient/historic"
"Maka","366","Makasar",,"Makasar","11.0",true,"Ancient/historic"
"Mand","140","Mandaic, Mandaean",,"Mandaic","6.0",false,
"Mani","139","Manichaean",,"Manichaean","7.0",true,"Ancient/historic"
"Marc","332","Marchen",,"Marchen","9.0",true,"Ancient/historic"
"Maya","090","Mayan hieroglyphs","Not in Unicode",,,,
"Medf","265","Medefaidrin (Oberi Okaime, Oberi Ɔkaimɛ)",,"Medefaidrin","11.0",false,
"Mend","438","Mende Kikakui",,"Mende Kikakui","7.0",false,
"Merc","101","Meroitic Cursive",,"Meroitic Cursive","6.1",true,"Ancient/historic"
"Mero","100","Meroitic Hieroglyphs",,"Meroitic Hieroglyphs","6.1",true,"Ancient/historic"
"Mlym","347","Malayalam",,"Malayalam","1.0",false,
"Modi","324","Modi, Moḍī",,"Modi","7.0",true,"Ancient/historic"
"Mong","145","Mongolian",,"Mongolian","3.0",false,"Mong includes Clear and Manchu scripts"
"Moon","218","Moon (Moon code, Moon script, Moon type)","Not in Unicode, proposal is explored",,,,
"Mroo","264","Mro, Mru",,"Mro","7.0",false,
"Mtei","337","Meitei Mayek (Meithei, Meetei)",,"Meetei Mayek","5.2",false,
"Mult","323","Multani",,"Multani","8.0",true,"Ancient/historic"
"Mymr","350","Myanmar (Burmese)",,"Myanmar","3.0",false,
"Nagm","295","Nag Mundari",,"Nag Mundari","15.0",false,
"Nand","311","Nandinagari",,"Nandinagari","12.0",true,"Ancient/historic"
"Narb","106","Old North Arabian (Ancient North Arabian)",,"Old North Arabian","7.0",true,"Ancient/historic"
"Nbat","159","Nabataean",,"Nabataean","7.0",true,"Ancient/historic"
"Newa","333","Newa, Newar, Newari, Nepāla lipi",,"Newa","9.0",false,
"Nkdb","085","Naxi Dongba (na²¹ɕi³³ to³³ba²¹, Nakhi Tomba)","Not in Unicode",,,,
"Nkgb","420","Nakhi Geba (na²¹ɕi³³ gʌ²¹ba²¹, 'Na-'Khi ²Ggŏ-¹baw, Nakhi Geba)","Not in Unicode, proposal is explored",,,,
"Nkoo","165","N’Ko",,"NKo","5.0",false,
"Nshu","499","Nüshu",,"Nushu","10.0",false,
"Ogam","212","Ogham",,"Ogham","3.0",true,"Ancient/historic"
"Olck","261","Ol Chiki (Ol Cemet’, Ol, Santali)",,"Ol Chiki","5.1",false,
"Orkh","175","Old Turkic, Orkhon Runic",,"Old Turkic","5.2",true,"Ancient/historic"
"Orya","327","Oriya (Odia)",,"Oriya","1.0",false,
"Osge","219","Osage",,"Osage","9.0",false,
"Osma","260","Osmanya",,"Osmanya","4.0",false,
"Ougr","143","Old Uyghur",,"Old Uyghur","14.0",true,"Ancient/historic"
"Palm","126","Palmyrene",,"Palmyrene","7.0",true,"Ancient/historic"
"Pauc","263","Pau Cin Hau",,"Pau Cin Hau","7.0",false,
"Pcun","015","Proto-Cuneiform","Not in Unicode",,,,
"Pelm","016","Proto-Elamite","Not in Unicode",,,,
"Perm","227","Old Permic",,"Old Permic","7.0",true,"Ancient/historic"
"Phag","331","Phags-pa",,"Phags-pa","5.0",true,"Ancient/historic"
"Phli","131","Inscriptional Pahlavi",,"Inscriptional Pahlavi","5.2",true,"Ancient/historic"
"Phlp","132","Psalter Pahlavi",,"Psalter Pahlavi","7.0",true,"Ancient/historic"
"Phlv","133","Book Pahlavi","Not in Unicode",,,,
"Phnx","115","Phoenician",,"Phoenician","5.0",true,"Ancient/historic[g]"
"Piqd","293","Klingon (KLI pIqaD)","Rejected for inclusion in Unicode",,,,
"Plrd","282","Miao (Pollard)",,"Miao","6.1",false,
"Prti","130","Inscriptional Parthian",,"Inscriptional Parthian","5.2",true,"Ancient/historic"
"Psin","103","Proto-Sinaitic","Not in Unicode",,,,
"Qaaa-Qabx","900-949","Reserved for private use (range)","Not in Unicode",,,,
"Ranj","303","Ranjana","Not in Unicode",,,,
"Rjng","363","Rejang (Redjang, Kaganga)",,"Rejang","5.1",false,
"Rohg","167","Hanifi Rohingya",,"Hanifi Rohingya","11.0",false,
"Roro","620","Rongorongo","Not in Unicode, proposal is explored",,,,
"Runr","211","Runic",,"Runic","3.0",true,"Ancient/historic"
"Samr","123","Samaritan",,"Samaritan","5.2",false,
"Sara","292","Sarati","Not in Unicode",,,,
"Sarb","105","Old South Arabian",,"Old South Arabian","5.2",true,"Ancient/historic"
"Saur","344","Saurashtra",,"Saurashtra","5.1",false,
"Sgnw","095","SignWriting",,"SignWriting","8.0",false,
"Shaw","281","Shavian (Shaw)",,"Shavian","4.0",false,
"Shrd","319","Sharada, Śāradā",,"Sharada","6.1",false,
"Shui","530","Shuishu","Not in Unicode",,,,
"Sidd","302","Siddham, Siddhaṃ, Siddhamātṛkā",,"Siddham","7.0",true,"Ancient/historic"
"Sind","318","Khudawadi, Sindhi",,"Khudawadi","7.0",false,
"Sinh","348","Sinhala",,"Sinhala","3.0",false,
"Sogd","141","Sogdian",,"Sogdian","11.0",true,"Ancient/historic"
"Sogo","142","Old Sogdian",,"Old Sogdian","11.0",true,"Ancient/historic"
"Sora","398","Sora Sompeng",,"Sora Sompeng","6.1",false,
"Soyo","329","Soyombo",,"Soyombo","10.0",true,"Ancient/historic"
"Sund","362","Sundanese",,"Sundanese","5.1",false,
"Sunu","274","Sunuwar","Not in Unicode",,,,
"Sylo","316","Syloti Nagri",,"Syloti Nagri","4.1",true,"Ancient/historic"
"Syrc","135","Syriac",,"Syriac","3.0",false,"Includes typographic variants Estrangelo (see § Syre), Western (§ Syrj), and Eastern (§ Syrn)"
"Syre","138","Syriac (Estrangelo variant)","Typographic variant of Syriac (see § Syrc)",,,,
"Syrj","137","Syriac (Western variant)","Typographic variant of Syriac (see § Syrc)",,,,
"Syrn","136","Syriac (Eastern variant)","Typographic variant of Syriac (see § Syrc)",,,,
"Tagb","373","Tagbanwa",,"Tagbanwa","3.2",false,
"Takr","321","Takri, Ṭākrī, Ṭāṅkrī",,"Takri","6.1",false,
"Tale","353","Tai Le",,"Tai Le","4.0",false,
"Talu","354","New Tai Lue",,"New Tai Lue","4.1",false,
"Taml","346","Tamil",,"Tamil","1.0",false,
"Tang","520","Tangut",,"Tangut","9.0",true,"Ancient/historic"
"Tavt","359","Tai Viet",,"Tai Viet","5.2",false,
"Telu","340","Telugu",,"Telugu","1.0",false,
"Teng","290","Tengwar","Not in Unicode",,,,
"Tfng","120","Tifinagh (Berber)",,"Tifinagh","4.1",false,
"Tglg","370","Tagalog (Baybayin, Alibata)",,"Tagalog","3.2",false,
"Thaa","170","Thaana",,"Thaana","3.0",false,
"Thai","352","Thai",,"Thai","1.0",false,
"Tibt","330","Tibetan",,"Tibetan","2.0",false,"Added in 1.0, removed in 1.1 and reintroduced in 2.0"
"Tirh","326","Tirhuta",,"Tirhuta","7.0",false,
"Tnsa","275","Tangsa",,"Tangsa","14.0",false,
"Toto","294","Toto",,"Toto","14.0",false,
"Ugar","040","Ugaritic",,"Ugaritic","4.0",true,"Ancient/historic"
"Vaii","470","Vai",,"Vai","5.1",false,
"Visp","280","Visible Speech","Not in Unicode",,,,
"Vith","228","Vithkuqi",,"Vithkuqi","14.0",true,"Ancient/historic"
"Wara","262","Warang Citi (Varang Kshiti)",,"Warang Citi","7.0",false,
"Wcho","283","Wancho",,"Wancho","12.0",false,
"Wole","480","Woleai","Not in Unicode, proposal is explored",,,,
"Xpeo","030","Old Persian",,"Old Persian","4.1",true,"Ancient/historic"
"Xsux","020","Cuneiform, Sumero-Akkadian",,"Cuneiform","5.0",true,"Ancient/historic"
"Yezi","192","Yezidi",,"Yezidi","13.0",true,"Ancient/historic"
"Yiii","460","Yi",,"Yi","3.0",false,
"Zanb","339","Zanabazar Square (Zanabazarin Dörböljin Useg, Xewtee Dörböljin Bicig, Horizontal Square Script)",,"Zanabazar Square","10.0",true,"Ancient/historic"
"Zinh","994","Code for inherited script",,"Inherited","",false,
"Zmth","995","Mathematical notation","Not a 'script' in Unicode",,,,
"Zsym","996","Symbols","Not a 'script' in Unicode",,,,
"Zsye","993","Symbols (emoji variant)","Not a 'script' in Unicode",,,,
"Zxxx","997","Code for unwritten documents","Not a 'script' in Unicode",,,,
"Zyyy","998","Code for undetermined script",,"Common","",false,
"Zzzz","999","Code for uncoded script",,"Unknown","",false,"In Unicode: All other code points"
